id,alpha-2,name,continent,region,fillKey,keyname,legal_possess,legal_sale,legal_transport,legal_cultivate,price_normalised_lookup,price,price_year,continent_price_median,region_price_median,prevelance_lookup,prevelance
AFG,AF,Afghanistan,Asia,Southern Asia,illegal,Illegal,Illegal,Illegal,Illegal,Illegal,,,,7.008,0.520966,4.28,4.28
ALA,AX,Åland Islands,Europe,Northern Europe,#N/A,#N/A,#N/A,#N/A,#N/A,#N/A,#N/A,,#N/A,12.10671,19.6821025,#N/A,
ALB,AL,Albania,Europe,Southern Europe,illegal,Illegal,Illegal,Illegal,Illegal,Illegal,5.26,5.2637875,2014,12.10671,9.554801,1.8,1.8
DZA,DZ,Algeria,Africa,Northern Africa,illegal,Illegal,Illegal,Illegal,Illegal,Illegal,#N/A,,#N/A,0.1979815,0.2572334286,0.52,0.52
ASM,AS,American Samoa,Oceania,Polynesia,#N/A,#N/A,#N/A,#N/A,#N/A,#N/A,#N/A,,#N/A,19.90742,#NUM!,,
AND,AD,Andorra,Europe,Southern Europe,#N/A,#N/A,#N/A,#N/A,#N/A,#N/A,,,,12.10671,9.554801,,
AGO,AO,Angola,Africa,Middle Africa,illegal,Illegal,Illegal,Illegal,Illegal,Illegal,#N/A,,#N/A,0.1979815,0.13717,,
AIA,AI,Anguilla,Americas,Caribbean,#N/A,#N/A,#N/A,#N/A,#N/A,#N/A,12.50,12.5,2005,1.964501,4.3655,,
ATA,AQ,Antarctica,,,#N/A,#N/A,#N/A,#N/A,#N/A,#N/A,#N/A,,#N/A,#N/A,#N/A,#N/A,
ATG,AG,Antigua and Barbuda,Americas,Caribbean,#N/A,#N/A,#N/A,#N/A,#N/A,#N/A,#N/A,,#N/A,1.964501,4.3655,,
ARG,AR,Argentina,Americas,South America,decriminalised,Decriminalised,Illegal (decriminalized for personal use in small amounts),Illegal,Illegal,Illegal,1.30,1.3,2004,1.964501,1.5,3.2,3.2
ARM,AM,Armenia,Asia,Western Asia,illegal,Illegal,Illegal,Illegal,Illegal,Illegal,35.00,35,2014,7.008,10.25,3.5,3.5
ABW,AW,Aruba,Americas,Caribbean,#N/A,#N/A,#N/A,#N/A,#N/A,#N/A,#N/A,,#N/A,1.964501,4.3655,,
AUS,AU,Australia,Oceania,Australia and New Zealand,mixed,Region-dependent,"Legal for medicinal and scientific purposes.
Decriminalised for personal use in the Northern Territory, South Australia 
and the Australian Capital Territory.",Illegal,Illegal,"Legal for medicinal and scientific purposes.
One or two plants may be privately grown for personal use in the Australian 
Capital Territory and South Australia. Personal grows of up to two plants 
are decriminalised in the Northern Territory.",24.23,24.22638,2014,19.90742,19.90742,10.2,10.2
AUT,AT,Austria,Europe,Western Europe,decriminalised,Decriminalised,Possession of up to five grams decriminalized as of January 2016.,Illegal,Illegal,Illegal,10.53,10.52758,2014,12.10671,11.53613,3.5,3.5
AZE,AZ,Azerbaijan,Asia,Western Asia,illegal,Illegal,Illegal,Illegal,Illegal,Illegal,12.50,12.5,2014,7.008,10.25,3.5,3.5
BHS,BS,Bahamas,Americas,Caribbean,#N/A,#N/A,#N/A,#N/A,#N/A,#N/A,5.00,5,2009,1.964501,4.3655,5.54,5.54
BHR,BH,Bahrain,Asia,Western Asia,illegal,Illegal,Illegal,Illegal,Illegal,Illegal,#N/A,,#N/A,7.008,10.25,,
BGD,BD,Bangladesh,Asia,Southern Asia,tolerated,Tolerated,"Illegal, but mostly tolerated","Illegal, but mostly tolerated",Illegal,Illegal,1.30,1.3,2008,7.008,0.520966,3.3,3.3
BRB,BB,Barbados,Americas,Caribbean,#N/A,#N/A,#N/A,#N/A,#N/A,#N/A,3.47,3.465,2007,1.964501,4.3655,8.3,8.3
BLR,BY,Belarus,Europe,Eastern Europe,illegal,Illegal,Illegal,Illegal,Illegal,Illegal,13.00,13,2013,12.10671,11.08685275,1.07,1.07
BEL,BE,Belgium,Europe,Western Europe,decriminalised,Decriminalised,Illegal (decriminalized up to three grams),Illegal,Illegal,Illegal (decriminalized) one plant),11.54,11.53613,2013,12.10671,11.53613,4.6,4.6
BLZ,BZ,Belize,Americas,Central America,tolerated,Tolerated,"Illegal, but mostly tolerated",Illegal,Illegal,Illegal,2.48,2.482,2007,1.964501,1.8,8.45,8.45
BEN,BJ,Benin,Africa,Western Africa,illegal,Illegal,Illegal,Illegal,Illegal,Illegal,#N/A,,#N/A,0.1979815,0.262404,,
BMU,BM,Bermuda,Americas,Northern America,#N/A,#N/A,#N/A,#N/A,#N/A,#N/A,124.06,124.06,2006,1.964501,68.47884,10.9,10.9
BTN,BT,Bhutan,Asia,Southern Asia,illegal,Illegal,Illegal,Illegal,Illegal,Illegal,#N/A,,#N/A,7.008,0.520966,4.2,4.2
BOL,BO,Bolivia,Americas,South America,decriminalised,Decriminalised,Illegal (decriminalized),Illegal,Illegal,Illegal,#N/A,,#N/A,1.964501,1.5,#N/A,
BES,BQ,"Bonaire, Sint Eustatius and Saba",Americas,Caribbean,#N/A,#N/A,#N/A,#N/A,#N/A,#N/A,#N/A,,#N/A,1.964501,4.3655,#N/A,
BIH,BA,Bosnia and Herzegovina,Europe,Southern Europe,illegal,Illegal,Illegal,Illegal,Illegal,Illegal,9.87,9.869602,2014,12.10671,9.554801,1.6,1.6
BWA,BW,Botswana,Africa,Southern Africa,illegal,Illegal,Illegal,Illegal,Illegal,Illegal,0.20,0.2,2014,0.1979815,0.3125,,
BVT,BV,Bouvet Island,,,#N/A,#N/A,#N/A,#N/A,#N/A,#N/A,#N/A,,#N/A,#N/A,#N/A,#N/A,
BRA,BR,Brazil,Americas,South America,decriminalised,Decriminalised,Illegal,Illegal,Illegal,Illegal,0.25,0.25,2005,1.964501,1.5,,
IOT,IO,British Indian Ocean Territory,,,#N/A,#N/A,#N/A,#N/A,#N/A,#N/A,#N/A,,#N/A,#N/A,#N/A,#N/A,
BRN,BN,Brunei Darussalam,Asia,South-Eastern Asia,#N/A,#N/A,#N/A,#N/A,#N/A,#N/A,11.90,11.90446,2014,7.008,4.7205,,
BGR,BG,Bulgaria,Europe,Eastern Europe,illegal,Illegal,Illegal,Illegal,Illegal,Illegal,12.46,12.46106,2014,12.10671,11.08685275,3.5,3.5
BFA,BF,Burkina Faso,Africa,Western Africa,illegal,Illegal,Illegal,Illegal,Illegal,Illegal,0.56,0.56,2008,0.1979815,0.262404,2.9,2.9
BDI,BI,Burundi,Africa,Eastern Africa,illegal,Illegal,Illegal,Illegal,Illegal,Illegal,0.10,0.1,2008,0.1979815,0.16,,
KHM,KH,Cambodia,Asia,South-Eastern Asia,tolerated,Tolerated,Illegal but often unenforced,Illegal but often unenforced,Illegal but often unenforced,Illegal but often unenforced,8.00,8,2014,7.008,4.7205,3.5,3.5
CMR,CM,Cameroon,Africa,Middle Africa,illegal,Illegal,Illegal,Illegal,Illegal,Illegal,0.02,0.02,2006,0.1979815,0.13717,,
CAN,CA,Canada,Americas,Northern America,medical,Legal for medicinal use,Illegal (legal for medicinal use),"Illegal
(regulated by some cities)",Illegal,Illegal (Small amounts of plants tolerated),12.90,12.89768,2014,1.964501,68.47884,12.7,12.7
CPV,CV,Cape Verde,Africa,Western Africa,illegal,Illegal,Illegal,Illegal,Illegal,Illegal,#N/A,,#N/A,0.1979815,0.262404,#N/A,
CYM,KY,Cayman Islands,Americas,Caribbean,#N/A,#N/A,#N/A,#N/A,#N/A,#N/A,#N/A,,#N/A,1.964501,4.3655,,
CAF,CF,Central African Republic,Africa,Middle Africa,illegal,Illegal,Illegal,Illegal,Illegal,Illegal,0.09,0.09,2006,0.1979815,0.13717,,
TCD,TD,Chad,Africa,Middle Africa,illegal,Illegal,Illegal,Illegal,Illegal,Illegal,#N/A,,#N/A,0.1979815,0.13717,,
CHL,CL,Chile,Americas,South America,medical,Legal for medicinal use,Illegal (decriminalized),Illegal (medical use only),Illegal (medical use only),Legal,2.31,2.306425,2014,1.964501,1.5,11.83,11.83
CHN,CN,China,Asia,Eastern Asia,illegal,Illegal,Illegal,Illegal,Illegal,Illegal,27.95,27.95181,2014,7.008,27.95181,,
CXR,CX,Christmas Island,,,#N/A,#N/A,#N/A,#N/A,#N/A,#N/A,#N/A,,#N/A,#N/A,#N/A,,
CCK,CC,Cocos (Keeling) Islands,,,#N/A,#N/A,#N/A,#N/A,#N/A,#N/A,#N/A,,#N/A,#N/A,#N/A,#N/A,
COL,CO,Colombia,Americas,South America,legal,Legal,"Legal for up to 22 grams for personal use. No limit for medical or 
scientific purpose, and if licensed by the ""National Anti-narcotics Council""",Legal for medical and scientific use only,Legal for medical and scientific use only,"Legal up to twenty plants for personal consumption. No limit for medical or 
scientific use, and if licensed by the ""National Anti-narcotics Council""",0.40,0.4,2005,1.964501,1.5,3.27,3.27
COM,KM,Comoros,Africa,Eastern Africa,illegal,Illegal,Illegal,Illegal,Illegal,Illegal,#N/A,,#N/A,0.1979815,0.16,,
COG,CG,Congo,Africa,Middle Africa,#N/A,#N/A,#N/A,#N/A,#N/A,#N/A,0.18,0.18434,2006,0.1979815,0.13717,,
COD,CD,Congo (Democratic Republic of the),Africa,Middle Africa,#N/A,#N/A,#N/A,#N/A,#N/A,#N/A,#N/A,,#N/A,0.1979815,0.13717,#N/A,
COK,CK,Cook Islands,Oceania,Polynesia,#N/A,#N/A,#N/A,#N/A,#N/A,#N/A,#N/A,,#N/A,19.90742,#NUM!,,
CRI,CR,Costa Rica,Americas,Central America,decriminalised,Decriminalised,Illegal (decriminalized),Illegal,Illegal,Illegal (decriminalized),6.50,6.5,2014,1.964501,1.8,2.76,2.76
CIV,CI,Côte d'Ivoire,Africa,Western Africa,#N/A,#N/A,#N/A,#N/A,#N/A,#N/A,0.32,0.315808,2009,0.1979815,0.262404,,
HRV,HR,Croatia,Europe,Southern Europe,medical,Legal for medicinal use,Illegal (decriminalized) (medical use only),Illegal (medical use only),Illegal,Illegal,7.95,7.948283,2010,12.10671,9.554801,5,5
CUB,CU,Cuba,Americas,Caribbean,illegal,Illegal,Illegal,Illegal,Illegal,Illegal,11.42909399,11.42909399,2009,1.964501,4.3655,,
CUW,CW,Curaçao,Americas,Caribbean,#N/A,#N/A,#N/A,#N/A,#N/A,#N/A,#N/A,,#N/A,1.964501,4.3655,,
CYP,CY,Cyprus,Asia,Western Asia,illegal,Illegal,Illegal,Illegal,Illegal,Illegal (decriminalized for some farms to grow Hemp),26.32,26.31894,2014,7.008,10.25,2.2,2.2
CZE,CZ,Czech Republic,Europe,Eastern Europe,medical,Legal for medicinal use,Illegal (possession of up to 15g decriminalized),"Sale of medical cannabis legal, otherwise sale illegal)",Illegal (up to 15g decriminalized/Medical subject to license legal),"Illegal (cultivation of up to five bushes decriminalized/cultivation for 
medical purposes subject to license legal)",9.21,9.211628,2014,12.10671,11.08685275,8.9,8.9
DNK,DK,Denmark,Europe,Northern Europe,illegal,Illegal,Illegal,Illegal,Illegal,Illegal,15.72,15.723271,2013,12.10671,19.6821025,6.9,6.9
DJI,DJ,Djibouti,Africa,Eastern Africa,illegal,Illegal,Illegal,Illegal,Illegal,Illegal,#N/A,,#N/A,0.1979815,0.16,,
DMA,DM,Dominica,Americas,Caribbean,illegal,Illegal,Illegal,Illegal,Illegal,Illegal,32.50,32.5,2005,1.964501,4.3655,,
DOM,DO,Dominican Republic,Americas,Caribbean,#N/A,#N/A,#N/A,#N/A,#N/A,#N/A,0.28,0.276787,2014,1.964501,4.3655,0.31,0.31
ECU,EC,Ecuador,Americas,South America,decriminalised,Decriminalised,Illegal (decriminalized) up to ten grams,Illegal,Illegal,Illegal,1.50,1.5,2011,1.964501,1.5,0.67,0.67
EGY,EG,Egypt,Africa,Northern Africa,tolerated,Tolerated,Illegal,Illegal,Illegal,Illegal,0.2572334286,0.2572334286,2013,0.1979815,0.2572334286,6.24,6.24
SLV,SV,El Salvador,Americas,Central America,illegal,Illegal,Illegal,Illegal,Illegal,Illegal,0.50,0.5,2013,1.964501,1.8,2.03,2.03
GNQ,GQ,Equatorial Guinea,Africa,Middle Africa,#N/A,#N/A,#N/A,#N/A,#N/A,#N/A,#N/A,,#N/A,0.1979815,0.13717,,
ERI,ER,Eritrea,Africa,Eastern Africa,illegal,Illegal,Illegal,Illegal,Illegal,Illegal,3.33,3.333,2008,0.1979815,0.16,,
EST,EE,Estonia,Europe,Northern Europe,decriminalised,Decriminalised,Illegal (decriminalized),Illegal,Illegal,Illegal,26.32,26.31894,2014,12.10671,19.6821025,6,6
ETH,ET,Ethiopia,Africa,Eastern Africa,illegal,Illegal,Illegal,Illegal,Illegal,Illegal,#N/A,,#N/A,0.1979815,0.16,,
FLK,FK,Falkland Islands (Malvinas),Americas,South America,#N/A,#N/A,#N/A,#N/A,#N/A,#N/A,#N/A,,#N/A,1.964501,1.5,,
FRO,FO,Faroe Islands,Europe,Northern Europe,#N/A,#N/A,#N/A,#N/A,#N/A,#N/A,#N/A,,#N/A,12.10671,19.6821025,#N/A,
FJI,FJ,Fiji,Oceania,Melanesia,illegal,Illegal,Illegal,Illegal,Illegal,Illegal,#N/A,,#N/A,19.90742,#NUM!,5.08,5.08
FIN,FI,Finland,Europe,Northern Europe,illegal,Illegal,Illegal,Illegal,Illegal,Illegal,23.03,23.02907,2014,12.10671,19.6821025,4.6,4.6
FRA,FR,France,Europe,Western Europe,illegal,Illegal,Illegal,Illegal,Illegal,Illegal,11.19,11.18555,2014,12.10671,11.53613,11.1,11.1
GUF,GF,French Guiana,Americas,South America,#N/A,#N/A,#N/A,#N/A,#N/A,#N/A,#N/A,,#N/A,1.964501,1.5,,
PYF,PF,French Polynesia,Oceania,Polynesia,#N/A,#N/A,#N/A,#N/A,#N/A,#N/A,#N/A,,#N/A,19.90742,#NUM!,,
ATF,TF,French Southern Territories,,,#N/A,#N/A,#N/A,#N/A,#N/A,#N/A,#N/A,,#N/A,#N/A,#N/A,#N/A,
GAB,GA,Gabon,Africa,Middle Africa,illegal,Illegal,Illegal,Illegal,Illegal,Illegal,1.84,1.84,2006,0.1979815,0.13717,,
GMB,GM,Gambia,Africa,Western Africa,#N/A,#N/A,#N/A,#N/A,#N/A,#N/A,1.04,1.044,2007,0.1979815,0.262404,,
GEO,GE,Georgia,Asia,Western Asia,decriminalised,Decriminalised,"Illegal, but possession for personal use decriminalized",Illegal,Illegal,Illegal,3.50,3.5,2013,7.008,10.25,2.7,2.7
DEU,DE,Germany,Europe,Western Europe,legal,Legal,"Legal for medicinal purposes.
Recreational consumption is legal on the basis of it being considered 
self-harm.","Legal to those with a prescription
(or if permission is given by ""Federal Institute for Drugs and Medical 
Devices"")","Legal with prescription
(or if permission is given by ""Federal Institute for Drugs and Medical 
Devices"")","Illegal
(Legal if permission is given by ""Federal Institute for Drugs and Medical 
Devices"")",12.11,12.10671,2014,12.10671,11.53613,4.5,4.5
GHA,GH,Ghana,Africa,Western Africa,illegal,Illegal,Illegal,Illegal,Illegal,Illegal,0.76,0.76,2007,0.1979815,0.262404,,
GIB,GI,Gibraltar,Europe,Southern Europe,#N/A,#N/A,#N/A,#N/A,#N/A,#N/A,9.24,9.24,2008,12.10671,9.554801,,
GRC,GR,Greece,Europe,Southern Europe,decriminalised,Decriminalised,"Illegal (but the amount of 0.5 grams or 1 pure/2 impure cannabis cigarettes 
decriminalised in court if made sure to be for personal use)",Illegal,Illegal,Illegal,19.74,19.7392,2014,12.10671,9.554801,1.7,1.7
GRL,GL,Greenland,Americas,Northern America,illegal,Illegal,Illegal,Illegal,Illegal,Illegal,#N/A,,#N/A,1.964501,68.47884,7.6,7.6
GRD,GD,Grenada,Americas,Caribbean,illegal,Illegal,Illegal,Illegal,Illegal,Illegal,1.84,1.84,2005,1.964501,4.3655,,
GLP,GP,Guadeloupe,Americas,Caribbean,#N/A,#N/A,#N/A,#N/A,#N/A,#N/A,#N/A,,#N/A,1.964501,4.3655,,
GUM,GU,Guam,Oceania,Micronesia,#N/A,#N/A,#N/A,#N/A,#N/A,#N/A,#N/A,,#N/A,19.90742,#NUM!,,
GTM,GT,Guatemala,Americas,Central America,illegal,Illegal,Illegal,Illegal,Illegal,Illegal,0.20,0.203586,2014,1.964501,1.8,4.8,4.8
GGY,GG,Guernsey,Europe,Northern Europe,#N/A,#N/A,#N/A,#N/A,#N/A,#N/A,#N/A,,#N/A,12.10671,19.6821025,#N/A,
GIN,GN,Guinea,Africa,Western Africa,illegal,Illegal,Illegal,Illegal,Illegal,Illegal,0.01,0.01,2006,0.1979815,0.262404,,
GNB,GW,Guinea-Bissau,Africa,Western Africa,illegal,Illegal,Illegal,Illegal,Illegal,Illegal,#N/A,,#N/A,0.1979815,0.262404,,
GUY,GY,Guyana,Americas,South America,illegal,Illegal,Illegal,Illegal,Illegal,Illegal,1.50,1.5,2009,1.964501,1.5,4.04,4.04
HTI,HT,Haiti,Americas,Caribbean,illegal,Illegal,Illegal,Illegal,Illegal,Illegal,0.55,0.55,2004,1.964501,4.3655,1.51,1.51
HMD,HM,Heard Island and McDonald Islands,,,#N/A,#N/A,#N/A,#N/A,#N/A,#N/A,#N/A,,#N/A,#N/A,#N/A,#N/A,
VAT,VA,Holy See,Europe,Southern Europe,#N/A,#N/A,#N/A,#N/A,#N/A,#N/A,#N/A,,#N/A,12.10671,9.554801,#N/A,
HND,HN,Honduras,Americas,Central America,illegal,Illegal,Illegal,Illegal,Illegal,Illegal,1.80,1.8,2008,1.964501,1.8,0.83,0.83
HKG,HK,Hong Kong,Asia,Eastern Asia,illegal,Illegal,Illegal,Illegal,Illegal,Illegal,#N/A,,#N/A,7.008,27.95181,#N/A,
HUN,HU,Hungary,Europe,Eastern Europe,illegal,Illegal,Illegal,Illegal,illegal,Illegal,10.66,10.65917,2014,12.10671,11.08685275,2.3,2.3
ISL,IS,Iceland,Europe,Northern Europe,illegal,Illegal,Illegal,Illegal,Illegal,Illegal,28.74,28.74,2013,12.10671,19.6821025,18.3,18.3
IND,IN,India,Asia,Southern Asia,mixed,Region-dependent,"Illegal at the federal level.
Legal or tolerated in several states such as West Bengal, Gujarat, Bihar, 
Odisha and the North East.","Illegal at the federal level.
Legal or tolerated in several states such as West Bengal, Gujarat, Bihar, 
Odisha and the North East.","Illegal at the federal level.
Legal or tolerated in several states such as West Bengal, Gujarat, Bihar, 
Odisha and the North East.","Illegal at the federal level.
Legal or tolerated in several states such as West Bengal, Gujarat, Bihar, 
Odisha and the North East.",0.08,0.075945,2012,7.008,0.520966,,
IDN,ID,Indonesia,Asia,South-Eastern Asia,illegal,Illegal,Illegal,Illegal,Illegal,Illegal,0.38,0.38,2014,7.008,4.7205,0.5,0.5
IRN,IR,Iran,Asia,Southern Asia,illegal,Illegal,Illegal,Illegal,Illegal,Illegal,#N/A,,#N/A,7.008,0.520966,#N/A,
IRQ,IQ,Iraq,Asia,Western Asia,illegal,Illegal,Illegal,Illegal,Illegal,Illegal,#N/A,,#N/A,7.008,10.25,,
IRL,IE,Ireland,Europe,Northern Europe,illegal,Illegal,Illegal,Illegal,Illegal,Illegal,26.32,26.31894,2014,12.10671,19.6821025,6,6
IMN,IM,Isle of Man,Europe,Northern Europe,#N/A,#N/A,#N/A,#N/A,#N/A,#N/A,#N/A,,#N/A,12.10671,19.6821025,,
ISR,IL,Israel,Asia,Western Asia,medical,Legal for medicinal use,Legal for medicinal use.,Illegal (legal for medicinal use only),Illegal (legal for medicinal use only),Illegal (legal for licensed medicinal providers),,,,7.008,10.25,8.88,8.88
ITA,IT,Italy,Europe,Southern Europe,medical,Legal for medicinal use,"Illegal (decriminalized, legal for medical and religious usage)",Illegal,IlIegal,Illegal,10.51,10.51442,2014,12.10671,9.554801,9.2,9.2
JAM,JM,Jamaica,Americas,Caribbean,decriminalised,Decriminalised,Illegal (decriminalized),Illegal,Illegal,Legal,1.38,1.378,2008,1.964501,4.3655,7.21,7.21
JPN,JP,Japan,Asia,Eastern Asia,illegal,Illegal,Illegal,Illegal,Illegal,Illegal,41.44,41.43532,2014,7.008,27.95181,0.3,0.3
JEY,JE,Jersey,Europe,Northern Europe,#N/A,#N/A,#N/A,#N/A,#N/A,#N/A,#N/A,,#N/A,12.10671,19.6821025,#N/A,
JOR,JO,Jordan,Asia,Western Asia,illegal,Illegal,Illegal,Illegal,Illegal,Illegal,7.01,7.008,2007,7.008,10.25,,
KAZ,KZ,Kazakhstan,Asia,Central Asia,illegal,Illegal,Illegal,Illegal,Illegal,Illegal,1.6,1.6,2014,7.008,5.75,2.4,2.4
KEN,KE,Kenya,Africa,Eastern Africa,illegal,Illegal,Illegal,Illegal,Illegal,Illegal,,,2014,0.1979815,0.16,2.1,2.1
KIR,KI,Kiribati,Oceania,Micronesia,illegal,Illegal,Illegal,Illegal,Illegal,Illegal,#N/A,,#N/A,19.90742,#NUM!,,
PRK,KP,North Korea,Asia,Eastern Asia,#N/A,#N/A,Unknown,Unknown,Unknown,Unknown,#N/A,,#N/A,7.008,27.95181,#N/A,
KOR,KR,South Korea,Asia,Eastern Asia,illegal,Illegal,Illegal,Illegal,Illegal,Illegal,#N/A,,#N/A,7.008,27.95181,#N/A,
KWT,KW,Kuwait,Asia,Western Asia,illegal,Illegal,Illegal,Illegal,Illegal,Illegal,#N/A,,#N/A,7.008,10.25,3.1,3.1
KGZ,KG,Kyrgyzstan,Asia,Central Asia,illegal,Illegal,Illegal,Illegal,Illegal,Illegal,2.00,2,2014,7.008,5.75,,
LAO,LA,Laos,Asia,South-Eastern Asia,very-illegal,Highly illegal,Illegal,Illegal,Illegal,Illegal,#N/A,,#N/A,7.008,4.7205,#N/A,
LVA,LV,Latvia,Europe,Northern Europe,illegal,Illegal,Illegal,Illegal,Illegal,Illegal,18.42,18.42326,2014,12.10671,19.6821025,4,4
LBN,LB,Lebanon,Asia,Western Asia,tolerated,Tolerated,Illegal,Illegal,Illegal,Illegal,8.00,8,2012,7.008,10.25,2,2
LSO,LS,Lesotho,Africa,Southern Africa,illegal,Illegal,Illegal,Illegal,Illegal,Illegal,#N/A,,#N/A,0.1979815,0.3125,,
LBR,LR,Liberia,Africa,Western Africa,illegal,Illegal,Illegal,Illegal,Illegal,Illegal,0.13,0.125,2006,0.1979815,0.262404,3.18,3.18
LBY,LY,Libya,Africa,Northern Africa,illegal,Illegal,Illegal,Illegal,Illegal,Illegal,#N/A,,#N/A,0.1979815,0.2572334286,,
LIE,LI,Liechtenstein,Europe,Western Europe,#N/A,#N/A,#N/A,#N/A,#N/A,#N/A,9.12,9.118541,2014,12.10671,11.53613,,
LTU,LT,Lithuania,Europe,Northern Europe,illegal,Illegal,Illegal,Illegal,Illegal,Illegal,13.71,13.71217,2014,12.10671,19.6821025,2.3,2.3
LUX,LU,Luxembourg,Europe,Western Europe,decriminalised,Decriminalised,Illegal (decriminalized),Illegal,Illegal,Illegal,18.14,18.13773,2013,12.10671,11.53613,5.2,5.2
MAC,MO,Macao,Asia,Eastern Asia,#N/A,#N/A,#N/A,#N/A,#N/A,#N/A,#N/A,,#N/A,7.008,27.95181,#N/A,
MKD,MK,Macedonia,Europe,Southern Europe,medical,Legal for medicinal use,Illegal (legal for medicinal use only),Illegal (legal for medicinal use only),Illegal,Illegal,#N/A,,#N/A,12.10671,9.554801,#N/A,
MDG,MG,Madagascar,Africa,Eastern Africa,illegal,Illegal,Illegal,Illegal,Illegal,Illegal,0.02,0.02,2005,0.1979815,0.16,9.1,9.1
MWI,MW,Malawi,Africa,Eastern Africa,illegal,Illegal,Illegal,Illegal,Illegal,Illegal,0.16,0.16,2006,0.1979815,0.16,,
MYS,MY,Malaysia,Asia,South-Eastern Asia,very-illegal,Highly illegal,Illegal,Illegal,Illegal,Illegal,0.71,0.71067,2014,7.008,4.7205,1.6,1.6
MDV,MV,Maldives,Asia,Southern Asia,#N/A,#N/A,#N/A,#N/A,#N/A,#N/A,#N/A,,#N/A,7.008,0.520966,2.55,2.55
MLI,ML,Mali,Africa,Western Africa,illegal,Illegal,Illegal,Illegal,Illegal,Illegal,0.21,0.209,2007,0.1979815,0.262404,,
MLT,MT,Malta,Europe,Southern Europe,decriminalised,Decriminalised,Illegal (decriminalized up to 3.5g),Illegal,Illegal,"Illegal (Cultivation of a cannabis plant for personal use will no longer be 
punishable by a mandatory prison sentence or suspended sentence specialized 
doctors will be allowed to prescribe medical cannabis)",25.00,25.00299,2014,12.10671,9.554801,0.9,0.9
MHL,MH,Marshall Islands,Oceania,Micronesia,illegal,Illegal,Illegal,Illegal,Illegal,Illegal,,,,19.90742,#NUM!,,
MTQ,MQ,Martinique,Americas,Caribbean,#N/A,#N/A,#N/A,#N/A,#N/A,#N/A,#N/A,,#N/A,1.964501,4.3655,,
MRT,MR,Mauritania,Africa,Western Africa,illegal,Illegal,Illegal,Illegal,Illegal,Illegal,#N/A,,#N/A,0.1979815,0.262404,,
MUS,MU,Mauritius,Africa,Eastern Africa,illegal,Illegal,Illegal,Illegal,Illegal,Illegal,9.97,9.966777,2013,0.1979815,0.16,1.08,1.08
MYT,YT,Mayotte,Africa,Eastern Africa,#N/A,#N/A,#N/A,#N/A,#N/A,#N/A,#N/A,,#N/A,0.1979815,0.16,#N/A,
MEX,MX,Mexico,Americas,Central America,decriminalised,Decriminalised,"Legal for medicinal and scientific purposes.
Decriminalized for personal use.",Illegal,Illegal,"Legal for medicinal and scientific purposes.
Decriminalized for personal use.",,,,1.964501,1.8,1.2,1.2
FSM,FM,Micronesia (Federated States of),Oceania,Micronesia,#N/A,#N/A,#N/A,#N/A,#N/A,#N/A,#N/A,,#N/A,19.90742,#NUM!,,
MDA,MD,Moldova (Republic of),Europe,Eastern Europe,#N/A,#N/A,#N/A,#N/A,#N/A,#N/A,#N/A,,#N/A,12.10671,11.08685275,#N/A,
MCO,MC,Monaco,Europe,Western Europe,#N/A,#N/A,#N/A,#N/A,#N/A,#N/A,8.82,8.8235,2008,12.10671,11.53613,,
MNG,MN,Mongolia,Asia,Eastern Asia,illegal,Illegal,Illegal,Illegal,Illegal,Illegal,4.00,4,2012,7.008,27.95181,,
MNE,ME,Montenegro,Europe,Southern Europe,illegal,Illegal,Illegal,Illegal,Illegal,Illegal,26.32,26.31894,2014,12.10671,9.554801,1.9,1.9
MSR,MS,Montserrat,Americas,Caribbean,#N/A,#N/A,#N/A,#N/A,#N/A,#N/A,25.09,25.09,2006,1.964501,4.3655,,
MAR,MA,Morocco,Africa,Northern Africa,tolerated,Tolerated,Illegal,Illegal,Illegal,Illegal,#N/A,,#N/A,0.1979815,0.2572334286,4.22,4.22
MOZ,MZ,Mozambique,Africa,Eastern Africa,illegal,Illegal,Illegal,Illegal,Illegal,Illegal,#N/A,,#N/A,0.1979815,0.16,,
MMR,MM,Myanmar,Asia,South-Eastern Asia,illegal,Illegal,Illegal,Illegal,Illegal,Illegal,0.84,0.837784,2010,7.008,4.7205,0.94,0.94
NAM,NA,Namibia,Africa,Southern Africa,illegal,Illegal,Illegal,Illegal,Illegal,Illegal,0.43,0.425,2007,0.1979815,0.3125,,
NRU,NR,Nauru,Oceania,Micronesia,#N/A,#N/A,#N/A,#N/A,#N/A,#N/A,#N/A,,#N/A,19.90742,#NUM!,,
NPL,NP,Nepal,Asia,Southern Asia,tolerated,Tolerated,Illegal,Illegal,Illegal,Illegal,,,,7.008,0.520966,,
NLD,NL,Netherlands,Europe,Western Europe,decriminalised,Decriminalised,"Decriminalised for possession of up to five grams (in case of a police 
control it is still confiscated), for public use and for use in 
'coffeeshops'",Decriminalized for 'coffeeshops',"Illegal (unenforced for 'coffeeshops', but enforced for growers who 
distribute to shops)","Illegal (decriminalized up to five plants, plants are generally still 
destroyed.)",12.91,12.90944,2014,12.10671,11.53613,8,8
NCL,NC,New Caledonia,Oceania,Melanesia,#N/A,#N/A,#N/A,#N/A,#N/A,#N/A,#N/A,,#N/A,19.90742,#NUM!,,
NZL,NZ,New Zealand,Oceania,Australia and New Zealand,illegal,Illegal,Illegal,Illegal,Illegal,Illegal,15.59,15.58846,2014,19.90742,19.90742,11,11
NIC,NI,Nicaragua,Americas,Central America,illegal,Illegal,Illegal,Illegal,Illegal,Illegal,1.00,1,2014,1.964501,1.8,1.07,1.07
NER,NE,Niger,Africa,Western Africa,illegal,Illegal,Illegal,Illegal,Illegal,Illegal,0.03,0.03,2006,0.1979815,0.262404,,
NGA,NG,Nigeria,Africa,Western Africa,illegal,Illegal,Illegal,Illegal,Illegal,Illegal,0.37,0.373948,2013,0.1979815,0.262404,14.3,14.3
NIU,NU,Niue,Oceania,Polynesia,#N/A,#N/A,#N/A,#N/A,#N/A,#N/A,#N/A,,#N/A,19.90742,#NUM!,#N/A,
NFK,NF,Norfolk Island,Oceania,Australia and New Zealand,#N/A,#N/A,#N/A,#N/A,#N/A,#N/A,#N/A,,#N/A,19.90742,19.90742,,
MNP,MP,Northern Mariana Islands,Oceania,Micronesia,illegal,Illegal,Illegal,Illegal,Illegal,Illegal,#N/A,,#N/A,19.90742,#NUM!,,
NOR,NO,Norway,Europe,Northern Europe,illegal,Illegal,Illegal,Illegal,Illegal,Illegal,20.94,20.940945,2011,12.10671,19.6821025,4.2,4.2
OMN,OM,Oman,Asia,Western Asia,illegal,Illegal,Illegal,Illegal,Illegal,Illegal,#N/A,,#N/A,7.008,10.25,,
PAK,PK,Pakistan,Asia,Southern Asia,tolerated,Tolerated,Illegal,Illegal,Illegal,Illegal,0.85,0.850727,2014,7.008,0.520966,3.6,3.6
PLW,PW,Palau,Oceania,Micronesia,illegal,Illegal,Illegal,Illegal,Illegal,Illegal,#N/A,,#N/A,19.90742,#NUM!,#N/A,
PSE,PS,"Palestine, State of",Asia,Western Asia,#N/A,#N/A,#N/A,#N/A,#N/A,#N/A,#N/A,,#N/A,7.008,10.25,#N/A,
PAN,PA,Panama,Americas,Central America,medical,Legal for medicinal use,Illegal,Illegal,Illegal,Illegal,10.00,10,2005,1.964501,1.8,3.55,3.55
PNG,PG,Papua New Guinea,Oceania,Melanesia,illegal,Illegal,Illegal,Illegal,Illegal,Illegal,#N/A,,#N/A,19.90742,#NUM!,,
PRY,PY,Paraguay,Americas,South America,decriminalised,Decriminalised,Illegal (decriminalized up to ten grams),Illegal,Illegal,Illegal,0.65,0.647529,2014,1.964501,1.5,1.6,1.6
PER,PE,Peru,Americas,South America,decriminalised,Decriminalised,Illegal (decriminalized up to eight grams),Illegal,Illegal,Illegal,1.85,1.85,2012,1.964501,1.5,1,1
PHL,PH,Philippines,Asia,South-Eastern Asia,medical,Legal for medicinal use,"Illegal (Provision for medicinal use as per Comprehensive Dangerous Drugs 
Act of 2002. Pending Government approval)",Illegal,Illegal,Illegal (For medicinal and scientific purposes only),1.44,1.441,2014,7.008,4.7205,0.74,0.74
PCN,PN,Pitcairn,Oceania,Polynesia,#N/A,#N/A,#N/A,#N/A,#N/A,#N/A,#N/A,,#N/A,19.90742,#NUM!,,
POL,PL,Poland,Europe,Eastern Europe,medical,Legal for medicinal use,Illegal (legal for medicinal use only),Illegal (legal for medicinal use only),Illegal,Illegal,7.08,7.082153,2014,12.10671,11.08685275,4.6,4.6
PRT,PT,Portugal,Europe,Southern Europe,decriminalised,Decriminalised,Illegal (decriminalized),Illegal,Illegal (decriminalized),Illegal (decriminalized),7.30,7.295101,2013,12.10671,9.554801,2.7,2.7
PRI,PR,Puerto Rico,Americas,Caribbean,medical,Legal for medicinal use,Illegal (medical use only),Illegal (medical use only),Illegal (medical use only),Illegal (medical use only),#N/A,,#N/A,1.964501,4.3655,4.88,4.88
QAT,QA,Qatar,Asia,Western Asia,illegal,Illegal,Illegal,Illegal,Illegal,Illegal,#N/A,,#N/A,7.008,10.25,,
REU,RE,Réunion,Africa,Eastern Africa,#N/A,#N/A,#N/A,#N/A,#N/A,#N/A,#N/A,,#N/A,0.1979815,0.16,,
ROU,RO,Romania,Europe,Eastern Europe,medical,Legal for medicinal use,Illegal,Illegal,Illegal,Illegal,17.75,17.75212,2014,12.10671,11.08685275,2,2
RUS,RU,Russia,Europe,Eastern Europe,decriminalised,Decriminalised,"Illegal (decriminalized), possession of quantities of up to six grams",Illegal,"Illegal (decriminalized), transport of quantities of up to six grams","Illegal (decriminalized), cultivation of up to twenty plants",#N/A,,#N/A,12.10671,11.08685275,#N/A,
RWA,RW,Rwanda,Africa,Eastern Africa,illegal,Illegal,Illegal,Illegal,Illegal,Illegal,0.13,0.13,2004,0.1979815,0.16,,
BLM,BL,Saint Barthélemy,Americas,Caribbean,#N/A,#N/A,#N/A,#N/A,#N/A,#N/A,#N/A,,#N/A,1.964501,4.3655,#N/A,
SHN,SH,"Saint Helena, Ascension and Tristan da Cunha",Africa,Western Africa,#N/A,#N/A,#N/A,#N/A,#N/A,#N/A,#N/A,,#N/A,0.1979815,0.262404,#N/A,
KNA,KN,Saint Kitts and Nevis,Americas,Caribbean,#N/A,#N/A,#N/A,#N/A,#N/A,#N/A,7.37,7.374196,2009,1.964501,4.3655,,
LCA,LC,Saint Lucia,Americas,Caribbean,#N/A,#N/A,#N/A,#N/A,#N/A,#N/A,3.73,3.731,2004,1.964501,4.3655,8.87,8.87
MAF,MF,Saint Martin (French part),Americas,Caribbean,#N/A,#N/A,#N/A,#N/A,#N/A,#N/A,#N/A,,#N/A,1.964501,4.3655,#N/A,
SPM,PM,Saint Pierre and Miquelon,Americas,Northern America,#N/A,#N/A,#N/A,#N/A,#N/A,#N/A,#N/A,,#N/A,1.964501,68.47884,,
VCT,VC,Saint Vincent and the Grenadines,Americas,Caribbean,#N/A,#N/A,#N/A,#N/A,#N/A,#N/A,,,,1.964501,4.3655,,
WSM,WS,Samoa,Oceania,Polynesia,illegal,Illegal,Illegal,Illegal,Illegal,Illegal,#N/A,,#N/A,19.90742,#NUM!,,
SMR,SM,San Marino,Europe,Southern Europe,#N/A,#N/A,#N/A,#N/A,#N/A,#N/A,#N/A,,#N/A,12.10671,9.554801,,
STP,ST,Sao Tome and Principe,Africa,Middle Africa,#N/A,#N/A,#N/A,#N/A,#N/A,#N/A,#N/A,,#N/A,0.1979815,0.13717,,
SAU,SA,Saudi Arabia,Asia,Western Asia,very-illegal,Highly illegal,Illegal,Illegal,Illegal,Illegal,#N/A,,#N/A,7.008,10.25,0.3,0.3
SEN,SN,Senegal,Africa,Western Africa,illegal,Illegal,Illegal,Illegal,Illegal,Illegal,,,,0.1979815,0.262404,,
SRB,RS,Serbia,Europe,Southern Europe,illegal,Illegal,Illegal,Illegal,Illegal,Illegal,14.00,14,2014,12.10671,9.554801,1.6,1.6
SYC,SC,Seychelles,Africa,Eastern Africa,#N/A,#N/A,#N/A,#N/A,#N/A,#N/A,#N/A,,#N/A,0.1979815,0.16,,
SLE,SL,Sierra Leone,Africa,Western Africa,illegal,Illegal,Illegal,Illegal,Illegal,Illegal,#N/A,,#N/A,0.1979815,0.262404,5.42,5.42
SGP,SG,Singapore,Asia,South-Eastern Asia,very-illegal,Highly illegal,Illegal,Illegal,Illegal,Illegal,17.62,17.62085,2014,7.008,4.7205,,
SXM,SX,Sint Maarten (Dutch part),Americas,Caribbean,#N/A,#N/A,#N/A,#N/A,#N/A,#N/A,#N/A,,#N/A,1.964501,4.3655,#N/A,
SVK,SK,Slovakia,Europe,Eastern Europe,illegal,Illegal,Illegal,Illegal,Illegal,Illegal,11.51,11.5145355,2014,12.10671,11.08685275,3.63,3.63
SVN,SI,Slovenia,Europe,Southern Europe,decriminalised,Decriminalised,Illegal (decriminalized),Illegal,Illegal,"Cannabis cultivation is not illegal for cannabis growers, growing cannabis 
with ≤ 0.2 % THC on a ≤ 0.1 ha surface, or ≥ 0.1 ha surface with a 
governmental permit for cannabis cultivation.",6.58,6.579734,2014,12.10671,9.554801,4.4,4.4
SLB,SB,Solomon Islands,Oceania,Melanesia,illegal,Illegal,Illegal,Illegal,Illegal,Illegal,#N/A,,#N/A,19.90742,#NUM!,,
SOM,SO,Somalia,Africa,Eastern Africa,illegal,Illegal,Illegal,Illegal,Illegal,Illegal,#N/A,,#N/A,0.1979815,0.16,,
ZAF,ZA,South Africa,Africa,Southern Africa,illegal,Illegal,Legal,Illegal,Illegal,Legal,0.14,0.142,2007,0.1979815,0.3125,3.65,3.65
SGS,GS,South Georgia and the South Sandwich Islands,,,#N/A,#N/A,#N/A,#N/A,#N/A,#N/A,#N/A,,#N/A,#N/A,#N/A,#N/A,
SSD,SS,South Sudan,Africa,Eastern Africa,illegal,Illegal,Illegal,Illegal,Illegal,Illegal,#N/A,,#N/A,0.1979815,0.16,,
ESP,ES,Spain,Europe,Southern Europe,legal,Legal,"Legal (Private areas only, illegal in public areas (decriminalized), 
offenders receive an administrative fine.) Possession of more than 
70/100gr. (depending on the autonomous community) is considered as 
possession with the intention of trafficking.","Technically illegal, but Cannabis can be acquired in private 
smoker/cannabis clubs. Selling itself it's punished by prison in all 
the ways, even for first offenders.",Illegal (decriminalized),"Legal (Only for own consumption. If the plants are located somewhere 
visible from the street/public place, it's an administrative offense)",6.16,6.158631,2014,12.10671,9.554801,9.2,9.2
LKA,LK,Sri Lanka,Asia,Southern Asia,illegal,Illegal,Illegal,Illegal,Illegal,Illegal,0.19,0.191205,2013,7.008,0.520966,1.43,1.43
SDN,SD,Sudan,Africa,Northern Africa,illegal,Illegal,Illegal,Illegal,Illegal,Illegal,#N/A,,#N/A,0.1979815,0.2572334286,,
SUR,SR,Suriname,Americas,South America,illegal,Illegal,Illegal,Illegal,Illegal,Illegal,#N/A,,#N/A,1.964501,1.5,4.25,4.25
SJM,SJ,Svalbard and Jan Mayen,Europe,Northern Europe,#N/A,#N/A,#N/A,#N/A,#N/A,#N/A,#N/A,,#N/A,12.10671,19.6821025,#N/A,
SWZ,SZ,Swaziland,Africa,Southern Africa,illegal,Illegal,Illegal,Illegal,Illegal,Illegal,0.43,0.43,2008,0.1979815,0.3125,,
SWE,SE,Sweden,Europe,Northern Europe,illegal,Illegal,Illegal,Illegal,Illegal,Illegal,15.28,15.28273,2014,12.10671,19.6821025,2.88,2.88
CHE,CH,Switzerland,Europe,Western Europe,decriminalised,Decriminalised,Illegal (decriminalized),Illegal,Illegal,Illegal,13.17,13.17123,2014,12.10671,11.53613,6.7,6.7
SYR,SY,Syrian Arab Republic,Asia,Western Asia,#N/A,#N/A,#N/A,#N/A,#N/A,#N/A,#N/A,,#N/A,7.008,10.25,,
TWN,TW,Taiwan,Asia,Eastern Asia,illegal,Illegal,Illegal,Illegal,Illegal,Illegal,#N/A,,#N/A,7.008,27.95181,#N/A,
TJK,TJ,Tajikistan,Asia,Central Asia,illegal,Illegal,Illegal,Illegal,Illegal,Illegal,,,,7.008,5.75,,
TZA,TZ,Tanzania,Africa,Eastern Africa,illegal,Illegal,Illegal,Illegal,Illegal,Illegal,#N/A,,#N/A,0.1979815,0.16,#N/A,
THA,TH,Thailand,Asia,South-Eastern Asia,illegal,Illegal,Illegal,Illegal,Illegal,Illegal,34.65,34.65,2010,7.008,4.7205,1.2,1.2
TLS,TL,Timor-Leste,Asia,South-Eastern Asia,#N/A,#N/A,#N/A,#N/A,#N/A,#N/A,#N/A,,#N/A,7.008,4.7205,,
TGO,TG,Togo,Africa,Western Africa,illegal,Illegal,Illegal,Illegal,Illegal,Illegal,0.10,0.1,2009,0.1979815,0.262404,1,1
TKL,TK,Tokelau,Oceania,Polynesia,#N/A,#N/A,#N/A,#N/A,#N/A,#N/A,#N/A,,#N/A,19.90742,#NUM!,#N/A,
TON,TO,Tonga,Oceania,Polynesia,illegal,Illegal,Illegal,Illegal,Illegal,Illegal,#N/A,,#N/A,19.90742,#NUM!,,
TTO,TT,Trinidad and Tobago,Americas,Caribbean,illegal,Illegal,Illegal,Illegal,Illegal,Illegal,0.96,0.956328,2009,1.964501,4.3655,4.03,4.03
TUN,TN,Tunisia,Africa,Northern Africa,illegal,Illegal,Illegal,Illegal,Illegal,Illegal,#N/A,,#N/A,0.1979815,0.2572334286,2.6,2.6
TUR,TR,Turkey,Asia,Western Asia,medical,Legal for medicinal use,Illegal (medical use only),Illegal,Illegal,Legal for medicinal and scientific purposes.,6.58,6.579734,2014,7.008,10.25,0.3,0.3
TKM,TM,Turkmenistan,Asia,Central Asia,illegal,Illegal,Illegal,Illegal,Illegal,Illegal,22.80,22.8,2014,7.008,5.75,,
TCA,TC,Turks and Caicos Islands,Americas,Caribbean,#N/A,#N/A,#N/A,#N/A,#N/A,#N/A,10.00,10,2006,1.964501,4.3655,,
TUV,TV,Tuvalu,Oceania,Polynesia,illegal,Illegal,Illegal,Illegal,Illegal,Illegal,#N/A,,#N/A,19.90742,#NUM!,,
UGA,UG,Uganda,Africa,Eastern Africa,illegal,Illegal,Illegal,Illegal,Illegal,Illegal,0.06,0.06,2005,0.1979815,0.16,,
UKR,UA,Ukraine,Europe,Eastern Europe,decriminalised,Decriminalised,Illegal (decriminalized possession of quantities of up to five grams),Illegal,Illegal (decriminalized possession of quantities of up to five grams),Illegal (decriminalized up to ten plants),1.50,1.5,2014,12.10671,11.08685275,2.9,2.9
ARE,AE,United Arab Emirates,Asia,Western Asia,very-illegal,Highly illegal,Illegal,Illegal,Illegal,Illegal,110.00,110,2008,7.008,10.25,5.35,5.35
GBR,GB,United Kingdom,Europe,Northern Europe,illegal,Illegal,Illegal,Illegal,Illegal,Illegal,4.44,4.436557,2014,12.10671,19.6821025,#N/A,
USA,US,United States,Americas,Northern America,mixed,Region-dependent,"Illegal at the federal level (but legal at the state level in Alaska, 
California, Colorado, Maine, Massachusetts, Nevada, Oregon and Washington and in Washington, D.C.; decriminalized in eighteen states, medicinal 
legal in 25 states and Guam. All Indian Reservations are allowed to 
regulate cannabis laws; laws vary by reservation.)","Illegal at the federal level (but legal at the state level with a state 
issued license in Alaska, California, Colorado, Maine, Massachusetts, Nevada, 
Oregon and Washington. Legal medicinal sales in several additional states.
All Indian Reservations are allowed to regulate cannabis laws; laws 
vary by reservation. )","Illegal at the federal level (but legal at the state level within the 
states of Alaska, California, Colorado, Maine, Massachusetts, Nevada, Oregon 
and Washington. Legal for medicinal patients in several additional states. 
All Indian Reservations are allowed to regulate cannabis laws; laws vary by 
reservation.)","Illegal at the federal level (but legal at the state level for 
individuals/commercial in Alaska, California, Colorado, Maine, Massachusetts, 
Nevada and Oregon, individual but not commercial in Washington, D.C., and 
only commercially in Washington. Medicinal growing is legal in several 
states as well. All Indian Reservations are allowed to regulate cannabis 
laws; laws vary by reservation.)",#N/A,,#N/A,1.964501,68.47884,#N/A,
UMI,UM,United States Minor Outlying Islands,,,#N/A,#N/A,#N/A,#N/A,#N/A,#N/A,#N/A,,#N/A,#N/A,#N/A,#N/A,
URY,UY,Uruguay,Americas,South America,legal,Legal,Legal,Legal,Legal,Legal,2.08,2.079002,2014,1.964501,1.5,9.3,9.3
UZB,UZ,Uzbekistan,Asia,Central Asia,illegal,Illegal,Illegal,Illegal,Illegal,Illegal,9.50,9.5,2013,7.008,5.75,4.2,4.2
VUT,VU,Vanuatu,Oceania,Melanesia,illegal,Illegal,Illegal,Illegal,Illegal,Illegal,#N/A,,#N/A,19.90742,#NUM!,,
VEN,VE,Venezuela,Americas,South America,illegal,Illegal,Illegal,Illegal,Illegal,Illegal,#N/A,,#N/A,1.964501,1.5,#N/A,
VNM,VN,Vietnam,Asia,South-Eastern Asia,illegal,Illegal,Illegal,Illegal,Illegal,Illegal,#N/A,,#N/A,7.008,4.7205,#N/A,
VGB,VG,Virgin Islands (British),Americas,Caribbean,#N/A,#N/A,#N/A,#N/A,#N/A,#N/A,#N/A,,#N/A,1.964501,4.3655,#N/A,
VIR,VI,Virgin Islands (U.S.),Americas,Caribbean,#N/A,#N/A,#N/A,#N/A,#N/A,#N/A,#N/A,,#N/A,1.964501,4.3655,#N/A,
WLF,WF,Wallis and Futuna,Oceania,Polynesia,#N/A,#N/A,#N/A,#N/A,#N/A,#N/A,#N/A,,#N/A,19.90742,#NUM!,#N/A,
ESH,EH,Western Sahara,Africa,Northern Africa,#N/A,#N/A,#N/A,#N/A,#N/A,#N/A,#N/A,,#N/A,0.1979815,0.2572334286,,
YEM,YE,Yemen,Asia,Western Asia,illegal,Illegal,Illegal,Illegal,Illegal,Illegal,#N/A,,#N/A,7.008,10.25,,
ZMB,ZM,Zambia,Africa,Eastern Africa,illegal,Illegal,Illegal,Illegal,Illegal,Illegal,0.20,0.195963,2009,0.1979815,0.16,9.5,9.5
ZWE,ZW,Zimbabwe,Africa,Eastern Africa,illegal,Illegal,Illegal,Illegal,Illegal,Illegal,1.00,1,2008,0.1979815,0.16,,